{
  "id": "insmv",
  "title": "Ins/Mv",
  "description": "Système Ins/Mv pour FoundryVTT - Un système de jeu basé sur le système d666 et la belle LN.",
  "authors": [
      {
          "name": "David V.",
          "discord": "Thalion59fr#0194"
      }
  ],
  "url": "https://github.com/DavidVergison/foundryvtt-insmv4",
  "license": "LICENSE.txt",
  "readme": "README.md",
  "bugs": "https://github.com/DavidVergison/foundryvtt-insmv4/issues",
  "changelog": "CHANGELOG.md",
  "media": [
    {
      "type": "setup",
      "url": "systems/insmv/static/assets/anvil-impact.png",
      "thumbnail": "systems/insmv/static/assets/anvil-impact.png"
    }
  ],
  "version": "1.1.1",
  "compatibility": {
      "minimum": 12,
      "verified": "12"
  },
  "esmodules": [
      "module/ins-mv.mjs"
  ],
  "styles": [
      "static/css/ins-mv.css"
  ],
  "packs": [],
  "packFolders": [],
  "socket": false,
  "manifest": "https://github.com/DavidVergison/foundryvtt-insmv4/releases/latest/download/system.json",
  "download": "https://github.com/DavidVergison/foundryvtt-insmv4/releases/latest/download/insmv.zip",
  "background": "systems/insmv/static/assets/anvil-impact.png",
  "gridDistance": 5,
  "gridUnits": "ft",
  "primaryTokenAttribute": "health",
  "secondaryTokenAttribute": "power",
  "languages": [
      {
          "lang": "fr",
          "name": "French",
          "path": "static/languages/fr.json"
      }
  ]
}